idCoding,idOrig,trueCat,predicted,isCorrect
135792,E-005032-17,13,5,False
28973,P-0450/00,14,14,True
2776,E-1073/97,5,5,True
12817,P-3180/96,5,5,True
172242,E-006421/2020,19,19,True
85013,E-007129/2011,19,19,True
105117,E-4088/09,19,9,False
143302,E-007082-17,9,9,True
76667,E-004278-13,8,8,True
137842,E-005677-14,15,10,False
115031,P-010244-12,19,2,False
173638,P-003675/2019,4,4,True
31806,P-3821/02,9,9,True
27100,E-3545/02,10,10,True
6738,E-2536/96,15,1,False
7284,E-2700/97,1,5,False
12204,P-1607/98,6,6,True
151867,E-010246-15,1,15,False
129074,E-003086-15,20,18,False
10353,E-380/95,7,7,True
30760,P-2460/03,15,8,False
57560,E-6877/08,15,1,False
148105,E-008664-14,10,10,True
51883,E-4425/08,19,19,True
11582,P-0091/98,23,23,True
171186,E-005191/2020,15,15,True
102542,E-1490/10,7,7,True
48880,E-3575/08,7,7,True
48356,E-3472/05,1,20,False
166501,E-001543/2020,7,7,True
159119,P-002496-18,2,2,True
132248,E-004008-18,18,18,True
11213,E-468/96,15,15,True
12127,P-1433/97,6,1,False
133963,E-004509-18,4,4,True
168548,E-003317/2020,15,15,True
97754,E-011568-12,19,2,False
109428,E-6554/2010,5,10,False
55570,E-5685/07,8,8,True
7291,E-2702/96,3,3,True
12148,P-1476/97,10,10,True
173034,P-000706/2020,7,7,True
169115,E-003680/2019,20,5,False
120413,E-000843-16,19,19,True
89617,E-008865/2011,4,4,True
38172,E-1474/09,1,1,True
51833,E-4410/08,3,3,True
17305,E-1017/00,4,4,True
27774,E-3759/03,1,14,False
105321,E-4202/2010,19,19,True
7412,E-2739/95,10,10,True
76242,E-004151/2011,8,8,True
90021,E-009016-13,4,4,True
160023,P-004897-17,20,19,False
59528,P-2301/05,19,2,False
140133,E-006221-18,2,2,True
24914,E-2866/03,2,2,True
166903,E-001782/2021,3,3,True
148114,E-008667-15,15,15,True
128824,E-003013-15,5,5,True
140397,E-006285-14,2,2,True
93974,E-010431/2011,15,2,False
29336,P-0850/04,4,4,True
123533,E-001597-18,16,16,True
121199,E-001034-18,1,8,False
5389,E-2064/96,5,5,True
7596,E-2800/98,23,23,True
133096,E-004254-17,15,15,True
171017,E-004989/2020,5,5,True
116565,P-6374/09,20,20,True
44229,E-2665/06,10,10,True
18310,E-1257/02,5,5,True
50067,E-3879/07,12,9,False
78248,E-004736/2011,9,9,True
7092,E-2645/96,6,17,False
20153,E-1696/00,4,4,True
59117,P-1797/09,7,7,True
52675,E-4660/08,7,7,True
151490,E-010032-15,10,10,True
169839,E-004099/2020,4,4,True
673,E-0330/99,6,20,False
9749,E-3572/97,12,10,False
169564,E-003940/2019,17,1,False
61990,P-6084/07,10,10,True
126911,E-002449-16,18,18,True
126500,E-002329-17,19,19,True
19093,E-1442/01,7,7,True
84209,E-006831/2011,2,19,False
169390,E-003835/2020,18,18,True
168284,E-003008/2020,5,5,True
87578,E-008095/2012,6,6,True
43905,E-2600/09,3,3,True
17164,E-0984/04,10,10,True
104481,E-3718/2010,2,15,False
162945,E-002468-19,4,4,True
61242,P-4516/08,2,2,True
28497,E-4152/00,7,7,True
98323,E-011826-13,19,19,True
156019,E-013995-15,4,4,True
166412,E-001492/2020,6,6,True
23902,E-2619/01,20,20,True
32904,E-0233/08,7,7,True
154789,E-012488-15,7,7,True
170697,E-004615/2020,15,20,False
168689,E-003430/2020/rev.1,2,19,False
152534,E-010624-14,12,15,False
13014,P-3697/98,15,15,True
29082,P-0593/00,14,1,False
23564,E-2535/99,6,6,True
62936,E-000209/2011,19,2,False
39324,E-1711/04,15,10,False
144748,E-007506-17,2,2,True
11974,P-1119/99,3,3,True
149594,E-009234-15,19,19,True
53173,E-4812/06,3,2,False
74643,E-003687/2011,10,10,True
97152,E-011343/2011,1,15,False
164954,E-000627/2020,19,19,True
24775,E-2830/02,16,16,True
32667,E-0176/06,4,4,True
163716,P-002153-19,7,7,True
164803,E-000539/2020,13,13,True
32039,E-0023/07,10,10,True
61396,P-4790/07,2,2,True
90380,E-009150-12,15,15,True
23885,E-2615/01,7,7,True
162704,E-002184-19,4,4,True
130599,E-003530-15,1,15,False
31676,P-3573/00,23,23,True
167636,E-002242/2020,3,19,False
16910,E-0926/02,2,2,True
42887,E-2402/04,7,7,True
74,E-0040/99,4,15,False
143298,E-007081-17,4,3,False
2552,E-1001/99,10,10,True
169855,E-004109/2020,3,3,True
151899,E-010265-15,9,9,True
15624,E-0606/01,3,3,True
148120,E-008669-16,12,19,False
173000,P-000585/2020,9,9,True
22031,E-2153/99,5,15,False
58381,P-0824/09,12,12,True
51566,E-4330/07,19,19,True
66769,E-001336/2012,12,20,False
49391,E-3683/07,8,7,False
168965,E-003592/2020,9,9,True
167639,E-002245/2020,3,3,True
78638,E-004864/2011,4,4,True
164367,E-000281/2020,7,7,True
117603,E-000167-15,7,7,True
8836,E-3239/98,12,12,True
42904,E-2405/05,7,7,True
89778,E-008926/2011,4,4,True
107057,E-5194/2010,8,8,True
96448,E-011134/2010,19,12,False
56422,E-6096/07,20,20,True
29135,P-0653/03,7,7,True
145605,E-007754-15,17,17,True
47864,E-3374/04,4,4,True
7334,E-2716/95,4,4,True
166984,E-001833/2020,3,3,True
1344,E-0605/97,2,2,True
35720,E-0901/05,1,1,True
57140,E-6522/07,7,7,True
45729,E-2952/09,10,10,True
13492,E-0071/04,7,7,True
8079,E-2953/98,9,9,True
6031,E-2295/94,20,20,True
25789,E-3139/02,3,4,False
122926,E-001453-16,4,7,False
79352,E-005094-14,10,10,True
23840,E-2603/03,9,9,True
113133,P-001625/2012,8,8,True
119132,E-000529-19,12,5,False
774,E-0380/96,15,15,True
3408,E-13/96,8,8,True
1735,E-0727/98,6,6,True
148000,E-008624-14,4,7,False
75332,E-003883/2011,4,4,True
53122,E-4794/05,7,7,True
18649,E-1340/03,3,3,True
169484,E-003892/2020,7,7,True
40516,E-1942/04,7,7,True
57455,E-6763/08,7,7,True
21616,E-2052/00,2,2,True
167715,E-002340/2020,4,4,True
67718,E-001610-13,15,4,False
163066,E-002616-19,10,10,True
166869,E-001762/2021,17,17,True
51752,E-4386/07,4,4,True
5962,E-2269/98,1,1,True
31102,P-2834/03,10,10,True
94969,E-010711/2011,1,1,True
18860,E-1393/01,1,1,True
45368,E-2884/07,3,3,True
105932,E-4552/2010,5,5,True
156238,E-014295-15,9,9,True
169293,E-003781/2019,10,10,True
11897,P-0955/96,5,5,True
107314,E-5345/09,2,2,True
33722,E-0424/08,6,6,True
135069,E-004828-15,9,9,True
15198,E-0502/02,20,14,False
11357,E-629/95,3,7,False
119581,E-000638-19,4,4,True
70509,E-002452/2012,1,1,True
26971,E-3503/02,4,4,True
40465,E-1932/06,2,2,True
168155,E-002857/2020,19,19,True
171045,E-005026/2020,3,3,True
113267,P-002218-13,4,15,False
158593,P-001390-18,3,1,False
13073,P-388/95,1,1,True
57751,E-7098/08,2,2,True
44019,E-2623/07,20,20,True
24697,E-2809/01,7,7,True
18738,E-1362/02,12,15,False
119088,E-000518-18,7,7,True
167666,E-002283/2020,15,2,False
54926,E-5424/07,2,2,True
8609,E-3154/96,15,18,False
137685,E-005637-18,9,9,True
172657,E-006897/2020,5,5,True
716,E-0343/97,4,4,True
164842,E-000561/2021/rev.1,9,9,True
455,E-0231/99,18,18,True
163107,E-002668-19,10,7,False
172347,E-006552/2020,4,4,True
172114,E-006275/2020/rev.1,4,4,True
49888,E-3823/08,13,5,False
16792,E-0896/04,19,19,True
20059,E-1672/02,19,19,True
33402,E-0351/07,7,7,True
2060,E-0835/96,12,15,False
137405,E-005563-15,7,7,True
170373,E-004414/2020,4,4,True
164444,E-000326/2021,1,15,False
6011,E-2288/96,7,7,True
3933,E-1492/98,8,8,True
51460,E-4297/07,2,2,True
76166,E-004128/2012,7,7,True
57223,E-6570/08,18,18,True
128628,E-002955-16,10,1,False
56677,E-6246/08,1,1,True
23974,E-2634/03,4,4,True
19601,E-1553/00,1,1,True
71519,E-002755/2011,6,6,True
46779,E-3161/07,5,5,True
5061,E-1933/96,4,3,False
47191,E-3240/07,8,8,True
7330,E-2715/94,14,14,True
93007,E-010107/2011,20,20,True
173982,P-005483/2020,9,9,True
124884,E-001917-18,7,7,True
80933,E-005556-13,19,19,True
5536,E-2121/96,4,4,True
117730,E-000197-18,3,5,False
66102,E-001142/2012,13,1,False
164732,E-000493/2020,9,9,True
136632,E-005333-18,2,10,False
14663,E-0371/01,10,10,True
4852,E-1849/96,4,2,False
19215,E-1465/04,23,23,True
164813,E-000544/2021,15,19,False
59736,P-2571/04,1,1,True
167944,E-002612/2020,4,8,False
32995,E-0257/05,3,3,True
10652,E-3916/98,15,15,True
33390,E-0348/09,7,7,True
173263,P-001617/2021,15,15,True
169116,E-003681/2019,4,4,True
5058,E-1932/96,20,1,False
19304,E-1481/04,14,14,True
58914,P-1590/04,7,7,True
99063,E-012263/2011,1,10,False
5907,E-2251/96,1,18,False
97972,E-011647-13,13,13,True
104701,E-3845/2010,19,19,True
2035,E-0825/98,7,7,True
50939,E-4137/08,4,4,True
15894,E-0672/04,3,3,True
166069,E-001284/2020,4,4,True
108050,E-5768/2010,3,3,True
17801,E-1135/04,2,2,True
26651,E-3409/03,15,15,True
171591,E-005670/2020,19,19,True
47833,E-3367/04,19,19,True
164948,E-000624/2020,3,3,True
171404,E-005448/2020,12,12,True
154103,E-011698-15,7,7,True
18562,E-1317/03,14,19,False
167954,E-002622/2020,4,4,True
107220,E-5289/2010,10,10,True
102763,E-1744/10,15,1,False
102944,E-1954/10,7,7,True
62407,E-000051/2012,4,4,True
170959,E-004918/2020,9,9,True
15690,E-0620/04,16,16,True
27920,E-3818/00,4,4,True
120826,E-000944-18,4,4,True
171179,E-005177/2020,2,17,False
173990,P-005518/2020/rev.1,7,7,True
39,E-0022/98,15,8,False
145238,E-007649-16,19,2,False
11022,E-410/95,14,14,True
39583,E-1763/05,5,5,True
83168,E-006442/2011,19,19,True
157934,P-000270-15,2,19,False
9286,E-3414/96,4,4,True
33865,E-0460/09,15,15,True
73125,E-003239-13,10,10,True
1348,E-0607/97,10,10,True
170572,E-004532/2020,20,20,True
102569,E-1524/10,9,9,True
80317,E-005378/2012,10,10,True
7812,E-2866/96,2,2,True
167355,E-002056/2021,7,4,False
140481,E-006303-18,2,2,True
54977,E-5447/06,10,10,True
27867,E-3797/03,4,4,True
101630,E-0448/10,15,15,True
3935,E-1493/98,8,8,True
122419,E-001330-18,2,2,True
91755,E-009652/2011,13,5,False
169118,E-003682/2019,15,15,True
5413,E-2076/96,8,8,True
6815,E-2559/95,4,4,True
171419,E-005466/2020,3,3,True
116818,P-9217/2010,5,5,True
21825,E-2104/01,4,4,True
56606,E-6205/07,12,2,False
29313,P-0829/00,4,4,True
37162,E-1239/08,4,4,True
55689,E-5731/07,20,20,True
19679,E-1573/03,23,23,True
28378,E-4042/03,6,6,True
160806,P-006603-16,23,23,True
173570,P-003199/2020,4,3,False
168628,E-003396/2019,15,15,True
138174,E-005756-15,1,1,True
104700,E-3845/09,2,2,True
6041,E-2298/98,7,7,True
7376,E-2728/96,14,14,True
145632,E-007761-17,7,7,True
25764,E-3131/01,23,23,True
24124,E-2670/03,6,6,True
165542,E-000975/2020,2,2,True
28615,P-0116/01,15,1,False
52243,E-4538/06,3,3,True
140654,E-006342-16,23,23,True
161448,P-008416-16,7,7,True
27666,E-3713/01,20,20,True
149661,E-009258-16,14,20,False
170752,E-004679/2020,3,3,True
145689,E-007778-14,5,5,True
18778,E-1371/04,5,5,True
16440,E-0812/02,4,4,True
15191,E-0501/00,5,5,True
125163,E-001983-15,1,1,True
62859,E-000184/2012,14,14,True
26557,E-3378/00,4,4,True
167867,E-002526/2020,1,1,True
172879,P-000142/2021,3,3,True
23248,E-2453/00,20,19,False
138319,E-005789-17,6,1,False
51757,E-4387/08,13,13,True
24340,E-2723/99,4,4,True
146451,E-008011-14,15,14,False
84357,E-006886/2011,4,3,False
80676,E-005485/2012,10,10,True
75060,E-003808-14,19,16,False
20585,E-1801/02,7,7,True
100368,E-013333-13,4,4,True
61472,P-4911/07,9,9,True
7697,E-2833/94,2,5,False
125342,E-002024-15,17,20,False
155524,E-013393-15,12,12,True
10934,E-4057/97,2,16,False
56726,E-6273/08,2,2,True
11369,E-646/95,23,23,True
14286,E-0271/00,9,5,False
4543,E-1722/98,10,10,True
48398,E-3480/06,12,1,False
66646,E-001300/2012,12,12,True
81780,E-005896/2011,1,1,True
170091,E-004245/2020,5,4,False
9438,E-3468/97,14,1,False
168632,E-003398/2020/rev.1,19,19,True
60104,P-3030/06,15,15,True
40191,E-1881/08,16,16,True
123511,E-001592-18,1,1,True
23607,E-2547/01,5,5,True
3694,E-1401/96,4,4,True
173885,P-004775/2020,3,19,False
24003,E-2641/01,19,19,True
14076,E-0218/02,19,19,True
11417,E-69/96,10,10,True
163351,E-002950-19,19,19,True
9044,E-3312/95,4,4,True
19805,E-1608/02,14,9,False
9360,E-3440/98,19,9,False
56408,E-6089/07,2,10,False
169269,E-003768/2019,7,7,True
95617,E-010897/2011,1,1,True
106312,E-4769/09,3,3,True
92047,E-009767/2011,12,19,False
99531,E-012526/2011,15,1,False
27925,E-3819/03,1,9,False
134030,E-004528-17,12,10,False
164328,E-000256/2020,3,3,True
121923,E-001210-17,7,7,True
98419,E-011889-13,2,2,True
60994,P-4167/05,15,15,True
99583,E-012555-13,1,1,True
166635,E-001625/2020,19,18,False
7125,E-2654/98,9,9,True
3075,E-1179/96,1,1,True
61662,P-5288/07,2,19,False
41409,E-2115/05,19,19,True
138129,E-005745-18,9,9,True
47767,E-3355/07,15,15,True
50105,E-3890/07,2,19,False
123412,E-001570-18,17,17,True
27260,E-3593/00,20,1,False
102893,E-1894/10,12,19,False
28850,P-0344/01,10,10,True
168543,E-003313/2020,7,7,True
109593,E-6650/2010,4,4,True
170286,E-004362/2019,6,6,True
162938,E-002457-19,7,7,True
40180,E-1879/05,10,10,True
57704,E-7040/08,2,2,True
28770,P-0273/02,20,1,False
9674,E-3547/97,8,8,True
4152,E-1578/96,9,9,True
47540,E-3309/07,2,2,True
80228,E-005351-14,7,7,True
12409,P-212/96,4,15,False
112331,E-9610/2010,8,8,True
127149,E-002517-16,19,19,True
6657,E-2510/96,15,10,False
170127,E-004265/2020,3,3,True
31075,P-2811/03,4,4,True
14085,E-0220/01,10,7,False
6235,E-2367/96,4,4,True
59775,P-2616/06,15,23,False
156706,E-014872-15,4,4,True
7905,E-2892/96,4,4,True
20051,E-1670/03,7,7,True
144022,E-007294-17,12,15,False
81139,E-005639/2012,7,7,True
20354,E-1744/99,2,2,True
77957,E-004649-13,3,3,True
167898,E-002560/2020,4,4,True
168549,E-003318/2020/rev.1,2,19,False
165197,E-000773/2021,4,4,True
103550,E-2640/10,4,4,True
169474,E-003886/2019,12,15,False
27448,E-3653/02,10,10,True
111286,E-8414/2010,10,20,False
138207,E-005763-15,6,6,True
110093,E-7090/2010,23,23,True
26308,E-3297/02,8,8,True
5468,E-2097/94,2,2,True
6697,E-2523/94,4,4,True
170991,E-004959/2020/rev.1,5,5,True
20474,E-1775/99,20,20,True
22906,E-2371/99,7,7,True
697,E-0337/99,2,17,False
172381,E-006588/2020,10,10,True
108798,E-6192/2010,1,1,True
14411,E-0303/02,4,4,True
171993,E-006138/2020,9,9,True
125448,E-002050-19,15,15,True
165538,E-000972/2020,4,4,True
167084,E-001891/2020,2,3,False
11217,E-473/95,10,10,True
157643,E-015993-15,9,9,True
170261,E-004348/2020,4,4,True
26682,E-3419/01,23,19,False
152373,E-010538-14,9,9,True
113117,P-001589-14,4,4,True
1148,E-0533/98,19,19,True
3839,E-1455/98,1,1,True
166769,E-001702/2021/rev.1,7,7,True
162408,P-015366-15,9,9,True
5682,E-2176/95,7,7,True
168222,E-002936/2020,5,5,True
84799,E-007052/2011,15,10,False
72974,E-003187/2012,5,5,True
23899,E-2618/02,7,7,True
173313,P-001821/2020,8,7,False
190,E-0102/99,8,8,True
171018,E-004990/2020,15,15,True
9437,E-3468/95,8,8,True
105187,E-4127/09,2,9,False
118378,E-000352-19,10,10,True
8944,E-328/96,19,19,True
3245,E-1241/96,4,4,True
165237,E-000794/2021,3,6,False
14687,E-0377/00,15,1,False
126848,E-002432-15,3,3,True
169281,E-003775/2019,3,3,True
162842,E-002343-19,4,4,True
168611,E-003386/2020,10,10,True
139993,E-006189-14,4,4,True
161384,P-008158-16,18,18,True
152440,E-010574-14,5,5,True
3760,E-1423/96,1,4,False
9947,E-3638/96,5,5,True
22126,E-2177/01,3,3,True
19575,E-1546/03,2,2,True
1638,E-0701/96,14,14,True
164695,E-000473/2020,6,6,True
126356,E-002288-17,20,19,False
169389,E-003835/2019,5,1,False
120308,E-000817-18,19,19,True
8950,E-3282/96,20,1,False
124555,E-001840-19,4,18,False
29560,P-1170/00,4,4,True
59043,P-1721/09,4,4,True
109412,E-6544/2010,19,2,False
92411,E-009911/2011,14,20,False
166223,E-001381/2020,15,15,True
41496,E-2133/09,15,10,False
17888,E-1156/00,4,4,True
28353,E-4028/00,15,15,True
112203,E-9470/2010,10,10,True
6476,E-2448/95,7,7,True
26637,E-3405/02,7,7,True
142321,E-006790-15,19,19,True
72330,E-002998-14,2,2,True
130991,E-003646-15,2,12,False
146010,E-007873-17,7,14,False
12511,P-2410/98,10,10,True
166021,E-001255/2020,12,15,False
150431,E-009556-15,5,5,True
7247,E-2689/98,8,7,False
167427,E-002101/2021,2,2,True
32448,E-0122/06,4,4,True
4129,E-1569/96,2,15,False
171950,E-006085/2020,2,2,True
12563,P-2552/97,19,19,True
10848,E-4015/97,10,10,True
7283,E-2700/96,15,1,False
34194,E-0539/09,7,7,True
13969,E-0190/00,4,4,True
173188,P-001336/2021,23,23,True
23246,E-2452/03,19,19,True
140737,E-006362-15,2,2,True
153323,E-011074-14,1,1,True
30112,P-1723/01,4,4,True
27257,E-3592/01,4,4,True
29050,P-0551/03,23,19,False
42315,E-2294/08,15,1,False
86160,E-007561/2011,4,4,True
107002,E-5162/2010,5,5,True
30213,P-1827/00,19,19,True
9761,E-3578/98,7,7,True
163281,E-002864-19,2,9,False
130930,E-003629-15,3,3,True
9964,E-3643/97,3,3,True
108567,E-6063/09,19,19,True
38066,E-1449/08,7,7,True
114332,P-006712/2011,15,15,True
123321,E-001549-18,2,20,False
31072,P-2806/02,1,1,True
16427,E-0808/04,10,10,True
167668,E-002285/2020,15,23,False
169927,E-004152/2020/rev.1,9,9,True
13423,E-0053/02,19,19,True
12257,P-1746/98,4,4,True
21286,E-1973/01,19,19,True
50237,E-3931/05,1,1,True
165516,E-000958/2021,19,2,False
33013,E-0261/06,1,15,False
700,E-0338/98,1,1,True
11701,P-0385/99,19,2,False
43238,E-2472/05,10,10,True
13496,E-0072/03,4,4,True
42919,E-2408/07,20,20,True
162884,E-002395-19,10,10,True
4517,E-1714/96,2,2,True
59974,P-2872/05,17,20,False
19787,E-1601/99,23,23,True
169509,E-003907/2020,3,3,True
92270,E-009854-13,3,9,False
173978,P-005464/2020,2,2,True
32569,E-0152/06,4,4,True
21009,E-1906/01,2,19,False
166571,E-001585/2020/rev.1,19,19,True
110151,E-7156/2010,5,1,False
12513,P-2412/98,1,1,True
143950,E-007276-16,19,19,True
139554,E-006086-15,2,2,True
113086,P-001401/2011,1,14,False
11399,E-676/95,14,14,True
19255,E-1472/02,4,4,True
54087,E-5099/06,3,3,True
32181,E-0058/06,19,19,True
167851,E-002509/2020,4,4,True
4957,E-1890/96,15,10,False
22057,E-2162/01,6,7,False
72809,E-003136-14,12,6,False
104660,E-3823/09,15,15,True
493,E-0246/98,1,1,True
138190,E-005759-17,7,7,True
162751,E-002237-19,3,3,True
73602,E-003372/2011,8,8,True
76457,E-004219-13,19,2,False
170712,E-004631/2020,1,15,False
45674,E-2942/04,20,20,True
101098,E-014159-13,1,1,True
36667,E-1128/07,15,15,True
707,E-0340/99,1,1,True
7562,E-2791/95,4,4,True
3917,E-1486/98,5,20,False
27358,E-3623/03,2,2,True
6046,E-23/95,1,9,False
10496,E-3857/97,20,20,True
9012,E-3302/98,16,16,True
68525,E-001845/2012,19,19,True
21832,E-2106/02,12,9,False
166497,E-001541/2020,18,18,True
58686,P-1287/07,23,23,True
90344,E-009136-13,19,19,True
85,E-0047/98,20,20,True
172058,E-006213/2020,3,3,True
75296,E-003873-13,7,7,True
29327,P-0841/04,2,2,True
167752,E-002382/2020,2,23,False
19952,E-1643/01,17,17,True
49853,E-3814/08,7,7,True
444,E-0225/96,7,7,True
15663,E-0614/01,15,15,True
73306,E-003291-13,1,1,True
167060,E-001877/2021,3,3,True
2745,E-1062/96,8,7,False
138286,E-005782-14,20,1,False
134265,E-004598-17,3,3,True
171234,E-005244/2020,19,19,True
170213,E-004316/2019,2,20,False
11083,E-4145/97,2,2,True
149135,E-009062-14,10,10,True
2730,E-1056/99,15,14,False
114484,P-007466/2011,8,8,True
72134,E-002942/2011,2,2,True
53432,E-4887/08,6,6,True
91732,E-009644/2011,2,19,False
120177,E-000784-15,4,4,True
56647,E-6228/08,3,3,True
37151,E-1236/09,20,20,True
158321,P-000941-18,15,15,True
40933,E-2023/06,2,2,True
3934,E-1493/97,1,1,True
50763,E-4089/05,2,6,False
71468,E-002742-14,18,18,True
5846,E-2228/96,4,4,True
104688,E-3839/09,19,9,False
120073,E-000760-17,12,9,False
2804,E-1082/96,4,4,True
91403,E-009519/2011,5,5,True
163962,E-000036/2020,19,19,True
41861,E-2202/08,7,7,True
19228,E-1467/99,4,4,True
37261,E-1261/08,5,5,True
170357,E-004405/2019,4,4,True
165544,E-000976/2020,1,7,False
128625,E-002954-17,18,18,True
59390,P-2146/07,23,23,True
17999,E-1183/00,7,7,True
28434,E-4082/03,19,19,True
165853,E-001157/2020,3,3,True
116057,P-3836/2010,4,4,True
24368,E-2731/00,9,9,True
110155,E-7160/2010,1,15,False
43451,E-2513/09,8,8,True
169953,E-004167/2020/rev.1,19,19,True
28406,E-4063/00,18,18,True
169042,E-003636/2019,1,1,True
56364,E-6061/08,19,20,False
37535,E-1322/08,4,4,True
37429,E-1298/05,4,4,True
31606,P-3484/02,10,10,True
164358,E-000273/2021,2,2,True
40309,E-1904/08,3,3,True
68359,E-001795/2011,10,10,True
172766,E-007021/2020,15,17,False
21636,E-2056/03,7,7,True
49964,E-3847/07,10,10,True
119760,E-000682-17,2,15,False
149136,E-009062-15,4,20,False
26397,E-3327/01,1,10,False
23817,E-2598/01,10,10,True
6423,E-2428/97,5,5,True
88051,E-008276-13,12,12,True
22169,E-2187/02,7,7,True
88748,E-008540/2012,5,5,True
165835,E-001147/2021,9,9,True
47851,E-3371/05,20,20,True
37391,E-1289/09,4,7,False
56468,E-6124/07,7,7,True
145710,E-007783-17,7,7,True
160065,P-005047-18,7,7,True
43747,E-2570/06,20,20,True
174084,P-006424/2020,4,2,False
162252,P-014013-15,20,20,True
48228,E-3448/04,18,18,True
79095,E-005004/2012,8,8,True
137141,E-005482-15,1,1,True
173929,P-005091/2020,9,9,True
3545,E-1349/96,9,19,False
59919,P-2790/04,20,5,False
24822,E-2842/03,1,1,True
160386,P-005716-14,5,5,True
13405,E-0049/00,4,4,True
170614,E-004563/2020,7,7,True
18475,E-1297/00,9,9,True
165201,E-000775/2021,10,10,True
1067,E-0503/96,10,10,True
36975,E-1198/09,15,15,True
112086,E-9331/2010,19,19,True
47970,E-3397/06,3,3,True
65987,E-001108/2012,1,1,True
24512,E-2764/02,5,5,True
140412,E-006288-15,19,19,True
116298,P-5040/2010,7,7,True
14914,E-0432/03,7,7,True
24224,E-2696/01,14,19,False
143037,E-007004-15,15,2,False
7820,E-2868/98,7,7,True
135449,E-004937-18,5,5,True
164511,E-000364/2020,2,6,False
17676,E-1105/03,14,14,True
173916,P-004992/2020,12,12,True
22835,E-2354/00,6,6,True
1612,E-0692/98,8,8,True
10394,E-3818/96,18,18,True
54986,E-5450/06,23,19,False
163754,P-002438-19,2,19,False
7514,E-2773/95,15,2,False
164330,E-000257/2020,4,4,True
170716,E-004635/2020,19,19,True
42854,E-2396/05,7,7,True
19235,E-1469/00,9,9,True
23302,E-2465/03,15,23,False
141694,E-006607-15,8,8,True
3360,E-1281/95,19,2,False
11478,E-804/95,15,19,False
103154,E-2191/10,19,19,True
80175,E-005336/2012,1,13,False
49658,E-3756/06,9,9,True
42958,E-2415/08,16,16,True
124586,E-001848-16,19,19,True
38827,E-1611/08,10,10,True
7473,E-2756/96,2,2,True
130424,E-003482-18,20,15,False
117322,E-000100-19,19,19,True
142726,E-006912-16,9,9,True
58612,P-1129/05,7,7,True
33412,E-0354/06,2,5,False
168945,E-003580/2020,5,15,False
20136,E-1692/02,10,10,True
85633,E-007365-13,3,3,True
23024,E-2399/01,20,20,True
96062,E-011023-13,20,19,False
162372,P-015021-15,23,23,True
1970,E-0800/98,7,7,True
171706,E-005801/2020,4,4,True
123735,E-001644-19,23,23,True
163603,E-003244-19,4,4,True
135709,E-005008-18,2,2,True
20621,E-1811/99,1,1,True
98990,E-012219-13,5,5,True
168333,E-003063/2020,1,5,False
165002,E-000654/2021,1,7,False
91496,E-009554/2011,10,10,True
157352,E-015643-15,3,3,True
162505,E-005060/2015,9,9,True
13588,E-0093/00,10,10,True
135239,E-004877-17,7,7,True
33887,E-0465/07,8,8,True
127184,E-002527-16,8,8,True
31419,P-3217/02,15,23,False
7925,E-2898/94,4,4,True
151040,E-009781-16,7,7,True
148062,E-008647-16,4,7,False
78247,E-004735/2012,4,4,True
16068,E-0716/00,15,6,False
127770,E-002701-16,1,15,False
23453,E-2506/03,7,7,True
44703,E-2755/07,19,2,False
137709,E-005644-17,7,7,True
144177,E-007343-15,9,9,True
78408,E-004788/2011,15,19,False
719,E-0344/97,4,4,True
28544,P-0038/04,7,7,True
173554,P-003093/2020,3,3,True
168951,E-003583/2020,7,7,True
55708,E-5739/08,2,2,True
33431,E-0358/07,5,5,True
8802,E-3229/98,20,20,True
1655,E-0705/98,3,3,True
45328,E-2876/04,8,18,False
66619,E-001293/2012,23,23,True
109138,E-6381/2010,15,15,True
10865,E-4023/97,3,3,True
141809,E-006641-17,7,7,True
22590,E-2293/01,19,20,False
12473,P-2334/97,4,4,True
100420,E-013392-13,7,7,True
1888,E-0773/99,1,1,True
39911,E-1828/08,4,4,True
31633,P-3516/02,7,7,True
138431,E-005816-14,4,4,True
8034,E-2936/98,1,1,True
8862,E-3252/95,5,5,True
51529,E-4318/08,14,14,True
103167,E-2204/10,7,7,True
1988,E-0807/96,4,3,False
111521,E-8683/2010,20,15,False
66918,E-001381/2011,9,9,True
27541,E-3679/02,17,17,True
122022,E-001234-16,5,5,True
1731,E-0726/98,6,6,True
58244,P-0617/07,8,7,False
79015,E-004973/2012,20,20,True
7555,E-2789/94,1,23,False
97626,E-011520/2011,4,4,True
39853,E-1816/07,19,19,True
15040,E-0466/03,5,5,True
75947,E-004062-13,3,1,False
171453,E-005512/2020,4,4,True
136606,E-005326-17,2,2,True
154184,E-011787-15,9,9,True
48237,E-3450/05,10,10,True
5537,E-2121/97,4,4,True
93481,E-010260/2010,10,10,True
55276,E-5565/07,7,7,True
2068,E-0837/98,2,23,False
109326,E-6494/09,19,19,True
57449,E-6750/08,4,4,True
58269,P-0653/06,15,20,False
125086,E-001965-17,19,19,True
51621,E-4346/08,8,8,True
30058,P-1664/02,20,20,True
174082,P-006420/2020,1,15,False
157886,P-000196-17,17,20,False
8291,E-3032/97,7,7,True
140233,E-006244-18,1,1,True
21350,E-1991/02,19,19,True
163374,E-002975-19,9,9,True
81463,E-005766-13,5,5,True
168221,E-002934/2020,2,3,False
163548,E-003185-19,16,16,True
9840,E-3606/97,1,1,True
146999,E-008223-14,7,7,True
6821,E-2561/96,20,5,False
17133,E-0978/03,23,23,True
46736,E-3151/09,8,8,True
5314,E-2037/98,14,14,True
43474,E-2518/08,7,7,True
34707,E-0663/08,4,4,True
14174,E-0242/03,19,19,True
164227,E-000195/2021,8,8,True
61869,P-5752/07,20,5,False
140370,E-006276-18,4,4,True
131623,E-003827-18,4,4,True
6878,E-2579/96,3,3,True
27721,E-3733/02,4,4,True
28762,P-0267/02,6,6,True
19854,E-1621/01,23,23,True
76160,E-004126/2012,1,1,True
38565,E-1557/09,9,9,True
39372,E-1719/07,3,19,False
72366,E-003009/2012,4,4,True
49495,E-3708/06,2,2,True
27170,E-3567/02,17,17,True
56874,E-6363/07,19,19,True
8144,E-2978/96,9,9,True
165099,E-000714/2021,19,23,False
109041,E-6328/2010,14,17,False
166708,E-001668/2021/rev.1,9,9,True
133851,E-004476-15,6,6,True
169092,E-003664/2020,4,4,True
40012,E-1848/04,7,7,True
4738,E-1801/98,1,19,False
171793,E-005898/2020,15,5,False
126851,E-002432-18,12,12,True
48876,E-3574/08,1,15,False
128131,E-002809-15,7,7,True
79058,E-004990/2012,20,20,True
51717,E-4376/07,2,2,True
100853,E-013881-13,2,2,True
169998,E-004192/2019,2,2,True
38424,E-1531/04,1,1,True
7579,E-2797/94,15,14,False
119353,E-000578-18,15,1,False
107634,E-5526/09,5,5,True
165864,E-001163/2020,2,20,False
153248,E-011032-15,10,10,True
56413,E-6091/08,19,19,True
152600,E-010660-15,4,4,True
163771,P-002548-19,4,4,True
108790,E-6188/2010,4,4,True
164196,E-000176/2021,20,20,True
154690,E-012377-15,12,20,False
113487,P-003004/2011,8,8,True
46964,E-3196/09,19,19,True
48208,E-3442/09,7,7,True
149783,E-009305-16,4,4,True
18183,E-1225/03,5,5,True
6899,E-2587/96,5,5,True
1495,E-0654/96,18,18,True
166053,E-001274/2021,2,2,True
20542,E-1790/00,5,5,True
49304,E-3665/05,19,19,True
134113,E-004552-17,9,9,True
171210,E-005216/2020,15,15,True
4190,E-1594/96,2,2,True
168489,E-003248/2020/rev.1,9,9,True
133162,E-004276-18,12,12,True
119409,E-000593-18,9,9,True
24056,E-2653/01,12,12,True
149950,E-009372-15,1,1,True
174088,P-006452/2020/rev.1,5,5,True
103493,E-2578/10,3,3,True
162367,P-014962-15,19,19,True
113233,P-002080-14,7,7,True
31644,P-3527/03,4,14,False
11128,E-4198/97,14,14,True
101459,E-0253/10,20,19,False
2023,E-0819/98,15,1,False
2947,E-1131/98,19,19,True
168108,E-002798/2020,7,7,True
1241,E-0564/98,1,5,False
13465,E-0063/04,7,7,True
10076,E-3681/96,18,18,True
31158,P-2893/03,2,2,True
107787,E-5616/09,1,1,True
9842,E-3607/95,14,14,True
34548,E-0628/05,7,7,True
168343,E-003073/2020/rev.1,1,15,False
5856,E-2231/97,7,7,True
52124,E-4501/06,3,3,True
14569,E-0345/04,7,7,True
33900,E-0468/06,2,2,True
11773,P-0598/99,8,8,True
172908,P-000246/2021,3,3,True
7693,E-2831/98,4,4,True
15300,E-0526/04,7,7,True
6958,E-2605/98,23,10,False
57697,E-7033/08,19,2,False
165040,E-000678/2021,15,15,True
122232,E-001284-15,17,17,True
120997,E-000984-17,17,1,False
82592,E-006220/2012,1,15,False
121316,E-001064-18,1,1,True
62184,P-6864/08,3,3,True
164161,E-000157/2021,12,12,True
18078,E-1202/01,23,7,False
7352,E-2721/95,20,20,True
77743,E-004589/2012,4,4,True
124605,E-001852-16,2,2,True
167790,E-002435/2020,8,8,True
64910,E-000785-14,15,15,True
173153,P-001224/2020,9,9,True
67580,E-001565/2012,4,7,False
21330,E-1985/01,4,4,True
11052,E-4117/96,2,2,True
160613,P-006180-16,10,10,True
16688,E-0873/03,4,3,False
113250,P-002163-12,4,4,True
4622,E-1755/97,15,15,True
8149,E-2980/95,15,15,True
71046,E-002614/2012,7,7,True
169280,E-003774/2019,1,1,True
167838,E-002492/2020,7,3,False
106100,E-4651/09,4,4,True
165883,E-001172/2021,4,4,True
119149,E-000533-19,7,7,True
23687,E-2565/01,3,3,True
63716,E-000437/2012,8,8,True
149831,E-009323-15,8,7,False
9641,E-3536/97,7,7,True
21495,E-2024/02,6,6,True
24969,E-2882/01,1,1,True
9644,E-3537/97,7,7,True
72830,E-003142-13,1,20,False
29294,P-0809/00,18,18,True
2100,E-0848/97,14,14,True
160984,P-007027-17,20,20,True
13469,E-0064/04,1,5,False
97360,E-011421-13,2,23,False
118327,E-000340-19,9,9,True
7272,E-2697/98,10,10,True
154721,E-012412-15,9,9,True
160144,P-005200-17,19,19,True
31873,P-3926/03,15,15,True
1190,E-0547/97,19,15,False
87250,E-007966/2012,19,2,False
12979,P-3576/95,4,4,True
172673,E-006918/2020,15,17,False
164164,E-000159/2020,8,8,True
12534,P-2478/96,4,1,False
170028,E-004210/2020,2,2,True
71090,E-002628-14,1,1,True
45785,E-2963/08,5,5,True
15416,E-0557/00,5,5,True
154331,E-011953-15,2,2,True
173903,P-004921/2020,7,7,True
61147,P-4398/06,4,4,True
17990,E-1180/00,10,10,True
32306,E-0088/08,2,2,True
163009,E-002542-19,12,19,False
35372,E-0818/09,19,19,True
144557,E-007451-14,7,10,False
171744,E-005842/2020,4,15,False
138809,E-005906-14,15,15,True
24308,E-2715/03,3,12,False
92246,E-009846-13,1,1,True
62071,P-6373/08,15,15,True
11267,E-521/96,2,2,True
79745,E-005213/2012,1,1,True
26045,E-3221/02,4,4,True
171169,E-005164/2020,19,15,False
37561,E-1328/07,2,2,True
96001,E-011007-12,19,19,True
144610,E-007466-15,4,4,True
12679,P-2875/94,3,4,False
21697,E-2073/00,2,2,True
47747,E-3351/08,15,4,False
125604,E-002086-15,7,7,True
21067,E-1920/00,1,1,True
19152,E-1454/04,4,2,False
116227,P-4621/2010,10,10,True
128450,E-002902-18,15,15,True
171564,E-005636/2020,3,3,True
18255,E-1244/03,3,3,True
11753,P-0553/97,14,19,False
170910,E-004865/2020,15,15,True
334,E-0174/99,2,2,True
45647,E-2937/05,16,16,True
163422,E-003030-19,15,15,True
19203,E-1463/04,23,23,True
1132,E-0527/98,2,19,False
168816,E-003504/2020,1,17,False
72923,E-003170/2011,9,9,True
165390,E-000887/2020,3,3,True
168680,E-003425/2020,4,4,True
166863,E-001759/2021,7,7,True
5872,E-2238/94,19,9,False
69775,E-002229/2011,15,15,True
6827,E-2563/96,4,4,True
30619,P-2287/03,1,1,True
8433,E-3090/98,4,4,True
172506,E-006733/2020,7,7,True
158375,P-001055-17,7,7,True
173603,P-003428/2020,3,3,True
132995,E-004226-16,2,2,True
12789,P-3127/98,20,15,False
791,E-0393/99,4,4,True
2509,E-0990/98,4,4,True
165168,E-000757/2021,9,9,True
30511,P-2182/99,7,7,True
52563,E-4628/07,12,2,False
162714,E-002196-19,4,4,True
28238,E-3962/03,10,10,True
42402,E-2311/05,20,2,False
162100,P-012679-15,19,19,True
71020,E-002608-13,10,10,True
113777,P-004187-13,8,8,True
165353,E-000864/2021,19,19,True
18426,E-1286/01,1,1,True
99424,E-012466/2011,9,9,True
159365,P-003086-16,9,9,True
169258,E-003762/2019,14,14,True
58514,P-1002/06,10,5,False
60128,P-3067/05,5,5,True
92007,E-009750/2011,2,6,False
162260,P-014060-15,9,9,True
137235,E-005510-17,5,5,True
9043,E-3311/98,10,10,True
163883,P-003425-19,9,9,True
107431,E-5408/09,4,4,True
36077,E-0988/07,7,7,True
36768,E-1150/09,18,18,True
26171,E-3257/01,2,19,False
151715,E-010155-14,6,6,True
30617,P-2286/03,9,9,True
40106,E-1864/06,2,5,False
92269,E-009854-12,1,1,True
22957,E-2384/01,1,1,True
9135,E-3354/98,4,4,True
113806,P-004309/2012,3,3,True
106806,E-5050/09,7,7,True
139161,E-005987-14,23,19,False
165312,E-000841/2021,2,2,True
814,E-0404/98,4,4,True
111776,E-8982/2010,3,3,True
5820,E-2218/98,4,4,True
15483,E-0572/04,3,3,True
44752,E-2764/09,1,1,True
1901,E-0778/98,2,5,False
164876,E-000581/2021,2,2,True
70429,E-002430-14,18,18,True
19494,E-1524/02,4,4,True
24160,E-2680/02,10,10,True
36435,E-1070/05,12,20,False
141866,E-006661-14,4,4,True
102165,E-1075/10,19,19,True
86230,E-007587-13,8,8,True
142094,E-006726-17,17,17,True
14987,E-0454/02,9,9,True
61945,P-5897/08,4,4,True
44637,E-2744/04,3,3,True
5575,E-2139/96,3,5,False
5112,E-1953/98,3,3,True
118556,E-000393-18,2,6,False
43662,E-2554/04,10,10,True
19970,E-1648/00,15,15,True
167809,E-002458/2020,15,15,True
9467,E-3476/98,2,2,True
43097,E-2445/05,9,9,True
97897,E-011620-13,2,2,True
169147,E-003698/2020,10,10,True
144555,E-007450-15,4,4,True
154876,E-012592-15,10,10,True
1236,E-0563/97,1,15,False
108030,E-5758/2010,3,3,True
130821,E-003595-16,1,1,True
144573,E-007455-15,15,15,True
160022,P-004896-17,7,7,True
51977,E-4454/08,9,9,True
9690,E-3551/98,19,19,True
126171,E-002232-15,8,7,False
69421,E-002122-13,12,20,False
39144,E-1675/07,2,2,True
52035,E-4473/08,15,5,False
135696,E-005005-16,3,2,False
35176,E-0776/07,7,7,True
162773,E-002261-19,19,19,True
129718,E-003275-17,3,3,True
168367,E-003099/2020,1,1,True
166442,E-001509/2021/rev.1,19,19,True
9146,E-3361/95,1,1,True
169600,E-003962/2020/rev.1,19,2,False
62538,E-000089-14,5,5,True
24256,E-2704/01,19,19,True
16954,E-0937/00,14,14,True
133451,E-004361-18,15,23,False
30935,P-2633/99,23,17,False
74496,E-003642/2012,19,19,True
170324,E-004384/2020,15,3,False
156751,E-014926-15,3,3,True
887,E-0433/97,8,8,True
2513,E-0991/98,1,4,False
42485,E-2327/09,15,15,True
40521,E-1943/04,9,9,True
35590,E-0871/06,9,9,True
34285,E-0563/08,23,23,True
145538,E-007734-14,3,3,True
164530,E-000375/2020,3,3,True
137760,E-005657-15,7,7,True
82928,E-006353-13,5,5,True
102955,E-1968/10,7,7,True
148156,E-008683-15,4,4,True
49364,E-3678/05,2,2,True
63688,E-000429/2012,14,13,False
30496,P-2159/00,6,6,True
53195,E-4818/06,7,7,True
66008,E-001114/2012,2,19,False
43919,E-2603/07,3,6,False
167598,E-002208/2020,2,2,True
94054,E-010458-13,19,19,True
45339,E-2879/05,17,17,True
171753,E-005852/2020,2,2,True
37946,E-1422/05,1,1,True
28209,E-3946/00,1,1,True
65044,E-000832/2011,4,4,True
27312,E-3607/02,20,1,False
82641,E-006245-13,1,1,True
121498,E-001112-15,15,15,True
27592,E-3692/02,1,19,False
100065,E-012998-13,4,4,True
146326,E-007965-15,9,9,True
130587,E-003526-18,2,19,False
13084,P-3927/96,4,18,False
118285,E-000331-16,14,14,True
140435,E-006293-15,19,19,True
166401,E-001485/2021,3,3,True
98546,E-011963/2011,4,4,True
85591,E-007349/2012,6,6,True
134791,E-004748-16,19,19,True
171560,E-005632/2020,20,20,True
61740,P-5499/08,2,2,True
146982,E-008216-15,4,3,False
13970,E-0190/02,7,7,True
157491,E-015807-15,9,9,True
164404,E-000302/2020,13,13,True
170821,E-004758/2020,19,19,True
166674,E-001648/2021,19,9,False
7104,E-2649/96,8,7,False
12329,P-1917/98,1,20,False
22768,E-2338/00,19,2,False
6961,E-2606/98,5,5,True
61466,P-4904/08,8,8,True
46484,E-3100/08,1,20,False
116652,P-7003/2010,7,7,True
95030,E-010729-12,10,7,False
156844,E-015033-15,16,16,True
160237,P-005468-17,9,9,True
29695,P-1335/01,7,7,True
23613,E-2548/02,10,7,False
48673,E-3534/09,4,3,False
167051,E-001872/2021,2,15,False
65902,E-001082-13,1,1,True
24622,E-2791/02,5,5,True
41676,E-2166/08,3,3,True
19804,E-1608/01,1,1,True
173348,P-001964/2021,4,7,False
19843,E-1618/02,20,20,True
81428,E-005753/2011,4,4,True
31685,P-3594/03,4,4,True
168740,E-003461/2019,9,16,False
84292,E-006862/2012,4,4,True
167930,E-002596/2020,5,5,True
125249,E-002001-18,2,2,True
5373,E-2059/96,1,1,True
2295,E-0917/98,7,7,True
167714,E-002338/2020,4,4,True
15758,E-0638/01,6,6,True
29568,P-1181/02,18,18,True
31382,P-3176/00,4,4,True
2073,E-0839/97,7,7,True
48492,E-3499/08,19,7,False
3184,E-1219/97,4,4,True
168215,E-002928/2020,1,23,False
55861,E-5800/07,3,3,True
169794,E-004075/2019,19,19,True
59468,P-2249/06,2,2,True
138084,E-005734-18,2,19,False
23956,E-2630/03,12,12,True
31103,P-2835/03,12,7,False
167478,E-002134/2021,8,7,False
17232,E-0999/02,3,13,False
12536,P-2479/98,2,2,True
50705,E-4068/08,7,7,True
3260,E-1246/98,19,19,True
97408,E-011440-13,4,5,False
56953,E-6408/07,2,20,False
12107,P-1396/96,14,14,True
131336,E-003747-18,4,4,True
150997,E-009766-16,17,17,True
127634,E-002660-15,2,5,False
15279,E-0520/02,10,10,True
173464,P-002405/2020,3,3,True
37860,E-1400/07,15,8,False
108358,E-5944/09,19,19,True
10544,E-3878/96,19,19,True
144642,E-007476-14,3,2,False
37726,E-1369/08,19,19,True
113792,P-004257-13,10,10,True
54466,E-5248/06,20,20,True
68725,E-001904/2011,2,2,True
20238,E-1715/02,4,4,True
142090,E-006725-17,8,8,True
83626,E-006611/2012,4,4,True
107016,E-5170/09,1,5,False
45571,E-2923/08,10,10,True
20390,E-1754/00,18,18,True
43964,E-2612/06,1,20,False
